INSERT INTO `addon_account` (name, label, shared) VALUES
	('society_cardealer','Concessionnaire',1)
;

INSERT INTO `addon_inventory` (name, label, shared) VALUES
	('society_cardealer','Concessionnaire',1)
;

INSERT INTO `jobs` (name, label) VALUES
	('cardealer','Concessionnaire')
;

INSERT INTO `job_grades` (job_name, grade, name, label, salary, skin_male, skin_female) VALUES
	('cardealer',0,'recruit','Recrue',10,'{}','{}'),
	('cardealer',1,'novice','Novice',25,'{}','{}'),
	('cardealer',2,'experienced','Experimente',40,'{}','{}'),
	('cardealer',3,'boss','Patron',0,'{}','{}')
;

CREATE TABLE `vehicle_sold` (
	`client` VARCHAR(50) NOT NULL,
	`model` VARCHAR(50) NOT NULL,
	`plate` VARCHAR(50) NOT NULL,
	`soldby` VARCHAR(50) NOT NULL,
	`date` VARCHAR(50) NOT NULL,

	PRIMARY KEY (`plate`)
);

^p

CREATE TABLE `owned_vehicles` (
	`owner` VARCHAR(60) NOT NULL,
	`plate` varchar(12) NOT NULL,
	`vehicle` longtext,
	`type` VARCHAR(20) NOT NULL DEFAULT 'car',
	`job` VARCHAR(20) NULL DEFAULT NULL,
	`stored` TINYINT(1) NOT NULL DEFAULT '0',

	PRIMARY KEY (`plate`)
) ENGINE=InnoDB DEFAULT CHARSET=utf8mb4 COLLATE=utf8mb4_unicode_ci;


CREATE TABLE `vehicle_categories` (
	`name` varchar(60) NOT NULL,
	`label` varchar(60) NOT NULL,

	PRIMARY KEY (`name`)
) ENGINE=InnoDB DEFAULT CHARSET=utf8mb4 COLLATE=utf8mb4_unicode_ci;


INSERT INTO `vehicle_categories` (name, label) VALUES
	('compacts','Compacts'),
	('coupes','Coupés'),
	('sedans','Sedans'),
	('sports','Sports'),
	('sportsclassics','Sports Classics'),
	('super','Super'),
	('muscle','Muscle'),
	('offroad','Off Road'),
	('suvs','SUVs'),
	('vans','Vans')
;

CREATE TABLE `vehicles` (
	`name` varchar(60) NOT NULL,
	`model` varchar(60) NOT NULL,
	`price` int NOT NULL,
	`category` varchar(60) DEFAULT NULL,

	PRIMARY KEY (`model`)
) ENGINE=InnoDB DEFAULT CHARSET=utf8mb4 COLLATE=utf8mb4_unicode_ci;


INSERT INTO `vehicles` (name, model, price, category) VALUES
	('Blade','blade',15000,'muscle'),
	('Buccaneer','buccaneer',18000,'muscle'),
	('Buccaneer Rider','buccaneer2',24000,'muscle'),
	('Chino','chino',15000,'muscle'),
	('Chino Luxe','chino2',19000,'muscle'),
	('Coquette BlackFin','coquette3',55000,'muscle'),
	('Dominator','dominator',35000,'muscle'),
  ('Dominator ASP','dominator7',35000,'muscle'),
	('Dukes','dukes',28000,'muscle'),
	('Gauntlet','gauntlet',30000,'muscle'),
	('Hotknife','hotknife',125000,'muscle'),
	('Faction','faction',20000,'muscle'),
	('Faction Rider','faction2',30000,'muscle'),
	('Faction XL','faction3',40000,'muscle'),
	('Nightshade','nightshade',65000,'muscle'),
	('Phoenix','phoenix',12500,'muscle'),
	('Picador','picador',18000,'muscle'),
	('Sabre Turbo','sabregt',20000,'muscle'),
	('Sabre GT','sabregt2',25000,'muscle'),
	('Slam Van','slamvan3',11500,'muscle'),
	('Tampa','tampa',16000,'muscle'),
	('Albany Virgo','virgo',14000,'muscle'),
	('Vigero','vigero',12500,'muscle'),
	('Voodoo','voodoo',7200,'muscle'),
	('Clique', 'clique', 5745600, 'muscle'),
  ('Deviant', 'deviant', 5745600, 'muscle'),
  ('Dominator GTX', 'dominator3', 5745600, 'muscle'),
  ('Gauntlet Clasique', 'gauntlet3', 5745600, 'muscle'),
  ('Gauntlet Hellfire', 'gauntlet4', 5745600, 'muscle'),
  ('Gauntlet Clasique Custom', 'gauntlet5', 5745600, 'muscle'),
  ('Declasse Impaler', 'impaler', 5745600, 'muscle'),
  ('Imperator', 'imperator', 5745600, 'muscle'),
  ('Albary Lurcher', 'lurcher', 5745600, 'muscle'),
  ('Peyote Gasser', 'peyote2', 5745600, 'muscle'),
  ('Rat Truck', 'ratloader2', 5745600, 'muscle'),
  ('Ruiner', 'ruiner', 5745600, 'muscle'),
  ('Stalion', 'stalion', 5745600, 'muscle'),
  ('Tulip', 'tulip', 5745600, 'muscle'),
  ('Vamos', 'vamos', 5745600, 'muscle'),
  ('Virgo Custom', 'virgo2', 5745600, 'muscle'),
  ('Virgo Classique', 'virgo3', 5745600, 'muscle'),
  ('Yosemite drift', 'yosemite2', 5745600, 'muscle'),
  ('Yosemite Rancher', 'yosemite3', 5745600, 'muscle'),
	('Blista','blista',8000,'compacts'),
	('Asbo','asbo',8000,'compacts'),
	('Brioso R/A','brioso',18000,'compacts'),
  ('Club','club',18000,'compacts'),
	('Dilettante','dilettante',18000,'compacts'),
	('Kanjo','kanjo',18000,'compacts'),
	('issi3','issi3',18000,'compacts'),
	('Rhapsody','rhapsody',18000,'compacts'),
	('Brioso2','brioso2',18000,'compacts'),
	('Weevil','weevil',18000,'compacts'),
	('Issi','issi2',10000,'compacts'),
	('Panto','panto',10000,'compacts'),
	('Prairie','prairie',12000,'compacts'),
	('Bison','bison',45000,'vans'),
	('bison2','bison2',45000,'vans'),
	('bison3','bison3',45000,'vans'),
	('Minivan Custom','minivan2',45000,'vans'),
	('Pony','pony',45000,'vans'),
	('Speedo','speedo',45000,'vans'),
	('Speedo Custom','speedo4',45000,'vans'),
	('youga 4x4 Classique','youga3',45000,'vans'),
	('Bobcat XL','bobcatxl',32000,'vans'),
	('Burrito','burrito3',19000,'vans'),
	('Burrito','gburrito2',29000,'vans'),
	('Camper','camper',42000,'vans'),
	('Gang Burrito','gburrito',45000,'vans'),
	('Journey','journey',6500,'vans'),
	('Minivan','minivan',13000,'vans'),
	('Moonbeam','moonbeam',18000,'vans'),
	('Moonbeam Rider','moonbeam2',35000,'vans'),
	('Paradise','paradise',19000,'vans'),
	('Rumpo','rumpo',15000,'vans'),
	('Rumpo Trail','rumpo3',19500,'vans'),
	('Surfer','surfer',12000,'vans'),
	('Youga','youga',10800,'vans'),
	('Youga Luxuary','youga2',14500,'vans'),
	('Asea','asea',5500,'sedans'),
	('Emperor','emperor',8500,'sedans'),
	('Fugitive','fugitive',12000,'sedans'),
	('Glendale','glendale',6500,'sedans'),
	('Intruder','intruder',7500,'sedans'),
	('Premier','premier',8000,'sedans'),
	('Primo Custom','primo2',14000,'sedans'),
	('Regina','regina',5000,'sedans'),
	('Schafter','schafter2',25000,'sedans'),
	('Stretch','stretch',90000,'sedans'),
	('Super Diamond','superd',130000,'sedans'),
	('Tailgater','tailgater',30000,'sedans'),
	('Warrener','warrener',4000,'sedans'),
	('Washington','washington',9000,'sedans'),
	('Asterope','asterope',9000,'sedans'),
	('Cognoscenti 55','cog55',9000,'sedans'),
	('Cognoscenti','cognoscenti',9000,'sedans'),
	('Glendale Custom','glendale2',9000,'sedans'),
	('Ingot','ingot',9000,'sedans'),
	('Primo','primo',9000,'sedans'),
	('Stafford','stafford',9000,'sedans'),
	('Stanier','stanier',9000,'sedans'),
	('Stratum','stratum',9000,'sedans'),
	('Surge','surge',9000,'sedans'),
	('Tailgater S','tailgater2',9000,'sedans'),
	('Baller2','baller2',40000,'suvs'),
	('Baller Sport','baller3',60000,'suvs'),
	('Cavalcade2','cavalcade2',55000,'suvs'),
	('Contender','contender',70000,'suvs'),
	('Dubsta','dubsta',45000,'suvs'),
	('Dubsta Luxuary','dubsta2',60000,'suvs'),
	('Fhantom','fq2',17000,'suvs'),
	('Grabger','granger',50000,'suvs'),
	('Gresley','gresley',47500,'suvs'),
	('Huntley S','huntley',40000,'suvs'),
	('Landstalker','landstalker',35000,'suvs'),
	('Mesa','mesa',16000,'suvs'),
	('Mesa Trail','mesa3',40000,'suvs'),
	('Patriot','patriot',55000,'suvs'),
	('Radius','radi',29000,'suvs'),
	('Rocoto','rocoto',45000,'suvs'),
	('Seminole','seminole',25000,'suvs'),
	('Baller','baller',32000,'suvs'),
	('Baller4','baller4',32000,'suvs'),
	('Bjxl','bjxl',32000,'suvs'),
	('cavalcade','cavalcade',32000,'suvs'),
	('Habanero','habanero',32000,'suvs'),
	('landstalker XL','landstalker2',32000,'suvs'),
	('Novak','novak',32000,'suvs'),
	('Patriot Stretch','patriot2',32000,'suvs'),
	('Rebla','rebla',32000,'suvs'),
	('Seminole2','seminole2',32000,'suvs'),
	('Serrano','serrano',32000,'suvs'),
	('Toros','toros',32000,'suvs'),
	('XLS','xls',32000,'suvs'),
	('Btype','btype',62000,'sportsclassics'),
	('Btype Luxe','btype3',85000,'sportsclassics'),
	('Btype Hotroad','btype2',155000,'sportsclassics'),
	('Casco','casco',30000,'sportsclassics'),
	('Coquette Classic','coquette2',40000,'sportsclassics'),
	('Manana','manana',12800,'sportsclassics'),
	('Monroe','monroe',55000,'sportsclassics'),
	('Pigalle','pigalle',20000,'sportsclassics'),
	('Stinger','stinger',80000,'sportsclassics'),
	('Stinger GT','stingergt',75000,'sportsclassics'),
	('Stirling GT','feltzer3',65000,'sportsclassics'),
	('Z-Type','ztype',220000,'sportsclassics'),
	('Cheetah Classique','cheetah2',220000,'sportsclassics'),
	('Dynasty','dynasty',220000,'sportsclassics'),
	('Fagaloa','fagaloa',220000,'sportsclassics'),
	('Infernus Classique','infernus2',220000,'sportsclassics'),
	('Jb700','jb700',220000,'sportsclassics'),
	('Jb700W','jb7002',220000,'sportsclassics'),
	('Manana Custom','manana2',220000,'sportsclassics'),
	('Michelli GT','michelli',220000,'sportsclassics'),
	('Nebula','nebula',220000,'sportsclassics'),
	('Peyote','peyote',220000,'sportsclassics'),
	('Peyote Custom','peyote3',220000,'sportsclassics'),
	('Retinue MK2','retinue2',220000,'sportsclassics'),
	('Swinger','swinger',220000,'sportsclassics'),
	('Torero','torero',220000,'sportsclassics'),
	('Tornado','tornado',220000,'sportsclassics'),
	('Turismo Classique','turismo2',220000,'sportsclassics'),
	('Zion Classique','zion3',220000,'sportsclassics'),
	('Cheburek','cheburek',220000,'sportsclassics'),
	('Toreador','toreador',220000,'sportsclassics'),
	('Bifta','bifta',12000,'offroad'),
	('Bf Injection','bfinjection',16000,'offroad'),
	('Brawler','brawler',45000,'offroad'),
	('Bubsta 6x6','dubsta3',120000,'offroad'),
	('Dune Buggy','dune',8000,'offroad'),
	('Guardian','guardian',45000,'offroad'),
	('Rebel2','rebel2',35000,'offroad'),
	('Sandking','sandking',55000,'offroad'),
	('The Liberator','monster',210000,'offroad'),
	('Trophy Truck','trophytruck',60000,'offroad'),
	('Canis Bodhi','bodhi2',80000,'offroad'),
	('Caracara','caracara2',80000,'offroad'),
	('DuneLoader','dloader',80000,'offroad'),
	('Everon','everon',80000,'offroad'),
	('Freecrawler','freecrawler',80000,'offroad'),
	('Hellion','hellion',80000,'offroad'),
	('Kalahari','kalahari',80000,'offroad'),
	('Rancher xl','rancherxl',80000,'offroad'),
	('Rebel','rebel',80000,'offroad'),
	('Sandking2','sandking2',80000,'offroad'),
	('Vagrant','vagrant',80000,'offroad'),
	('Winky','winky',80000,'offroad'),
	('Trophy Truck Limited','trophytruck2',80000,'offroad'),
	('Cognoscenti Cabrio','cogcabrio',55000,'coupes'),
	('Exemplar','exemplar',32000,'coupes'),
	('F620','f620',40000,'coupes'),
	('Felon','felon',42000,'coupes'),
	('Felon GT','felon2',55000,'coupes'),
	('Jackal','jackal',38000,'coupes'),
	('Oracle','oracle',30000,'coupes'),
	('Oracle XS','oracle2',35000,'coupes'),
	('Sentinel','sentinel',32000,'coupes'),
	('Sentinel XS','sentinel2',40000,'coupes'),
	('Windsor','windsor',95000,'coupes'),
	('Windsor Drop','windsor2',125000,'coupes'),
	('Zion','zion',36000,'coupes'),
	('Zion Cabrio','zion2',45000,'coupes'),
	('Previon','previon',45000,'coupes'),
	('9F','ninef',65000,'sports'),
	('9F Cabrio','ninef2',80000,'sports'),
	('Alpha','alpha',60000,'sports'),
	('Banshee','banshee',70000,'sports'),
	('Bestia GTS','bestiagts',55000,'sports'),
	('Buffalo','buffalo',12000,'sports'),
	('Buffalo S','buffalo2',20000,'sports'),
	('Buffalo STX','buffalo4',20000,'sports'),
	('Carbonizzare','carbonizzare',75000,'sports'),
	('Comet','comet2',65000,'sports'),
	('Coquette','coquette',65000,'sports'),
	('Drift Tampa','tampa2',80000,'sports'),
	('Elegy','elegy2',38500,'sports'),
	('Feltzer','feltzer2',55000,'sports'),
	('Furore GT','furoregt',45000,'sports'),
	('Fusilade','fusilade',40000,'sports'),
	('Jester','jester',65000,'sports'),
	('Jester(Racecar)','jester2',135000,'sports'),
	('Khamelion','khamelion',38000,'sports'),
	('Kuruma','kuruma',30000,'sports'),
	('Lynx','lynx',40000,'sports'),
	('Mamba','mamba',70000,'sports'),
	('Massacro','massacro',65000,'sports'),
	('Massacro(Racecar)','massacro2',130000,'sports'),
	('Omnis','omnis',35000,'sports'),
	('Penumbra','penumbra',28000,'sports'),
	('Rapid GT','rapidgt',35000,'sports'),
	('Rapid GT Convertible','rapidgt2',45000,'sports'),
	('Schafter V12','schafter3',50000,'sports'),
	('Seven 70','seven70',39500,'sports'),
	('Sultan','sultan',15000,'sports'),
	('Surano','surano',50000,'sports'),
	('Tropos','tropos',40000,'sports'),
	('blista Compact','blista2',70000,'sports'),
	('Comet Safari','comet4',70000,'sports'),
	('Coquette DIO','coquette4',70000,'sports'),
	('Drafter','drafter',70000,'sports'),
	('deveste','deveste',70000,'sports'),
	('Elegy','elegy',70000,'sports'),
	('Flash GT','flashgt',70000,'sports'),
	('Futo','futo',70000,'sports'),
	('Gb200','gb200',70000,'sports'),
	('Komoda','komoda',70000,'sports'),
	('Imorgon','imorgon',70000,'sports'),
	('Issi7','issi7',70000,'sports'),
	('Italigto','italigto',70000,'sports'),
	('Jugular','jugular',70000,'sports'),
	('Jester Classique','jester3',70000,'sports'),
	('Locust','locust',70000,'sports'),
	('Neo','neo',70000,'sports'),
	('Paragon','paragon',70000,'sports'),
	('Penumbra FF','penumbra2',70000,'sports'),
	('Ruston','ruston',70000,'sports'),
	('Schafter LWB','schafter4',70000,'sports'),
	('Schlagen','schlagen',70000,'sports'),
	('Schwarzer','schwarzer',70000,'sports'),
	('Specter','specter',70000,'sports'),
	('Sugoi','sugoi',70000,'sports'),
	('Vstr','vstr',70000,'sports'),
	('Italirsx','italirsx',70000,'sports'),
	('Euros','euros',70000,'sports'),
	('Verlierer','verlierer2',70000,'sports'),
	('Futo GTX','futo2',70000,'sports'),
	('Calico','calico',70000,'sports'),
	('jester RR','jester4',70000,'sports'),
	('Remus','remus',70000,'sports'),
	('Comet S2','comet6',70000,'sports'),
	('Growler','growler',70000,'sports'),
	('Vectre','vectre',70000,'sports'),
	('Cypher','cypher',70000,'sports'),
	('Rt3000','rt3000',70000,'sports'),
	('Adder','adder',900000,'super'),
	('Banshee 900R','banshee2',255000,'super'),
	('Bullet','bullet',90000,'super'),
	('Cheetah','cheetah',375000,'super'),
	('Entity XF','entityxf',425000,'super'),
	('ETR1','sheava',220000,'super'),
	('FMJ','fmj',185000,'super'),
	('Infernus','infernus',180000,'super'),
	('Osiris','osiris',160000,'super'),
	('Pfister','pfister811',85000,'super'),
	('RE-7B','le7b',325000,'super'),
	('Reaper','reaper',150000,'super'),
	('Sultan RS','sultanrs',65000,'super'),
	('Sultan Classique','sultan2',65000,'super'),
	('Sultan RS Classique','sultan3',65000,'super'),
	('T20','t20',300000,'super'),
	('Turismo R','turismor',350000,'super'),
	('Tyrus','tyrus',600000,'super'),
	('Vacca','vacca',120000,'super'),
	('Voltic','voltic',90000,'super'),
	('X80 Proto','prototipo',2500000,'super'),
	('Zentorno','zentorno',1500000,'super'),
	('Entity XXR', 'entity2', 3830400, 'super'),
	('Emerus', 'emerus', 3830400, 'super'),
	('Furia', 'furia', 3830400, 'super'),
	('Gp1', 'gp1', 3830400, 'super'),
	('Progen itali GTB', 'italigtb', 3830400, 'super'),
	('Progen itali GTB Custom', 'italigtb2', 3830400, 'super'),
	('Krieger', 'krieger', 3830400, 'super'),
	('Nero', 'nero', 3830400, 'super'),
	('Nero Custom', 'nero2', 3830400, 'super'),
	('Penetrator', 'penetrator', 3830400, 'super'),
	('s80', 's80', 3830400, 'super'),
	('Taipan', 'taipan', 3830400, 'super'),
	('Tempesta', 'tempesta', 3830400, 'super'),
	('Thrax', 'thrax', 3830400, 'super'),
	('Tigon', 'tigon', 3830400, 'super'),
	('Tyrant', 'tyrant', 3830400, 'super'),
	('Vagner', 'vagner', 3830400, 'super'),
	('Xa21', 'xa21', 3830400, 'super'),
	('Zorrusso', 'zorrusso', 3830400, 'super'),
	('Ardent', 'ardent', 1150000, 'sportsclassics'),
	('Oppressor', 'oppressor', 3524500, 'super'),
	('Visione', 'visione', 2250000, 'super'),
	('Retinue', 'retinue', 615000, 'sportsclassics'),
	('Cyclone', 'cyclone', 1890000, 'super'), 
	('Rapid GT3', 'rapidgt3', 885000, 'sportsclassics'),
	('raiden', 'raiden', 1375000, 'sports'),
	('Yosemite', 'yosemite', 485000, 'muscle'),
	('Deluxo', 'deluxo', 4721500, 'sportsclassics'),
	('Pariah', 'pariah', 1420000, 'sports'),
	('Stromberg', 'stromberg', 3185350, 'sports'),
	('SC 1', 'sc1', 1603000, 'super'),
	('riata', 'riata', 380000, 'offroad'),
	('Hermes', 'hermes', 535000, 'muscle'),
	('Savestra', 'savestra', 990000, 'sportsclassics'),
	('Streiter', 'streiter', 500000, 'sports'),
	('Kamacho', 'kamacho', 345000, 'offroad'),
	('Sadler', 'sadler', 345000, 'offroad'),
	('GT 500', 'gt500', 785000, 'sportsclassics'),
	('Z190', 'z190', 900000, 'sportsclassics'),
	('Viseris', 'viseris', 875000, 'sportsclassics'),
	('Autarch', 'autarch', 1955000, 'super'),
	('Comet 5', 'comet5', 1145000, 'sports'), 
	('Neon', 'neon', 1500000, 'sports'),
	('Revolter', 'revolter', 1610000, 'sports'),
	('Sentinel3', 'sentinel3', 650000, 'sports'),
	('Hustler', 'hustler', 625000, 'muscle')
;
